,sno,divno,date,matched
0,37630,66,2024-08-23,
1,638320,67,2024-08-23,
2,782100,67,2024-08-23,
3,651510,67,2023-10-01,
4,651510,68,2023-10-01,
5,296730,66,2023-11-01,
6,296730,67,2023-11-01,
7,296730,68,2023-11-01,
8,723610,67,2023-11-01,
9,723610,68,2023-11-01,
10,853510,66,2023-11-01,
11,853510,67,2023-11-01,
12,853510,68,2023-11-01,
13,878650,66,2023-12-01,
14,878650,68,2023-12-01,
15,727160,66,2024-03-01,
16,727160,68,2024-03-01,
17,666500,68,2024-07-01,
18,504270,67,2024-09-01,
19,504270,68,2024-09-01,
20,987390,68,2024-11-01,
21,194790,66,2024-12-01,
22,194790,68,2024-12-01,
23,669280,68,2025-06-01,
